category,search_term,title,identifier,url,mediatype,confidence_score,creator,publisher,page_count
visual_art_and_artists,Jean Dubuffet,Jean Dubuffet : A Retrospective,jeandubuffetretr00dubu,https://archive.org/details/jeandubuffetretr00dubu,texts,100,"Dubuffet, Jean",[New York : Solomon R. Guggenheim Foundation],318
visual_art_and_artists,Terry Richardson,Terry world,terryworld0000rich,https://archive.org/details/terryworld0000rich,texts,100,"Richardson, Terry 1965- Verfasser","Hong Kong Köln London Los Angeles, Calif. Madrid Paris Tokyo Taschen",298
literature,Friedrich Nietzsche,Thus spake Zarathustra,thusspakezarathu00niet,https://archive.org/details/thusspakezarathu00niet,texts,100,"Nietzsche, Friedrich Wilhelm, 1844-1900",Modern Library,396
literature,Charles Bukowski,"Love is a dog from hell : poems, 1974-1977",loveisdogfromhel00buko,https://archive.org/details/loveisdogfromhel00buko,texts,100,"Bukowski, Charles","Santa Barbara, Calif. : Black Sparrow Press",322
figures,Napoleon,"Napoleon's letters to Josephine, 1796-1812;",napoleonsletters00napoiala,https://archive.org/details/napoleonsletters00napoiala,texts,100,"Napoleon I, Emperor of the French, 1769-1821, Hall, Henry Folijambe","London : J. M. Dent & co.; New York, E. P. Dutton & co.",382
figures,Napoleon,Memorial de Sainte Helene : journal of the private life and conversations of the Emperor Napoleon at Saint Helena,memorialdesainte00lasc,https://archive.org/details/memorialdesainte00lasc,texts,100,"Las Cases, Emmanuel-Auguste-Dieudonné, comte de, 1766-1842","Lexington, Ky. : Printed by T. Smith",418
figures,Napoleon,"Recollections of the Emperor Napoleon, during the first three years of his captivity on the island of St. Helena: including the time of his residence at her father's house, ""The Briars,""",recollectionsofe00abeliala,https://archive.org/details/recollectionsofe00abeliala,texts,100,"Abell, Lucia Elizabeth Balcombe, d. 1871",London : J. Murray,296
literature,Albert Camus,The plague,plague00camu_khb,https://archive.org/details/plague00camu_khb,texts,99,"Camus, Albert, 1913-1960",New York : Vintage Books,306
figures,Napoleon,"The story of Napoleon's death-mask, told from the original documents",storyofnapoleons00wats,https://archive.org/details/storyofnapoleons00wats,texts,97,"Watson, George Leo de St. M","London : John Lane; New York, John Lane company",264
figures,Napoleon,The confidential correspondence of Napoleon Bonaparte with his brother Joseph [electronic resource],confidentialcorr01naporich,https://archive.org/details/confidentialcorr01naporich,texts,96,"Napoleon I, Emperor of the French, 1769-1821",,416
visual_art_and_artists,Francis Picabia,The artwork caught by the tail : Francis Picabia and Dada in Paris,artworkcaughtbyt0000bake,https://archive.org/details/artworkcaughtbyt0000bake,texts,95,"Baker, George (George Thomas), 1970-","Cambridge, Mass. : The MIT Press",506
visual_art_and_artists,Francis Picabia,"I am a beautiful monster : poetry, prose, and provocation",iambeautifulmons0000pica,https://archive.org/details/iambeautifulmons0000pica,texts,95,"Picabia, Francis, 1879-1953","Cambridge, Mass. : MIT Press",498
visual_art_and_artists,Francis Picabia,Picabia,picabia0000borr,https://archive.org/details/picabia0000borr,texts,95,"Borràs, Maria Lluïsa",New York : Rizzoli,562
visual_art_and_artists,Bruce Conner,Bruce Conner : it's all true,isbn_9780520290563,https://archive.org/details/isbn_9780520290563,texts,95,,San Francisco : San Francisco Museum of Modern Art in association with University of California Press,394
literature,Albert Camus,"Notebooks, 1935-1942",notebooks19351942000unse,https://archive.org/details/notebooks19351942000unse,texts,95,"Camus, Albert, 1913-1960","New York, Knopf",256
literature,Charles Bukowski,"Erections, ejaculations, exhibitions and general tales of ordinary madness",erectionsejacula00buko,https://archive.org/details/erectionsejacula00buko,texts,95,"Bukowski, Charles","San Francisco, Calif. : City Lights Books",496
figures,Columbine,Columbine,columbine00cull,https://archive.org/details/columbine00cull,texts,95,"Cullen, David, 1961-",New York : Twelve,426
visual_art_and_artists,Henry Darger,"Henry Darger, throwaway boy : the tragic life of an outsider artist",henrydargerthrow0000elle,https://archive.org/details/henrydargerthrow0000elle,texts,91,"Elledge, Jim, 1950-",New York : Overlook Duckworth,426
literature,Bret Easton Ellis,Less than zero,lessthanzero00bret,https://archive.org/details/lessthanzero00bret,texts,91,"Ellis, Bret Easton",New York : Penguin Books,214
literature,Charles Bukowski,Hot Water Music,hotwatermusic00buko,https://archive.org/details/hotwatermusic00buko,texts,91,"Bukowski, Charles","S. l. Black Sparrow Press, U.S. Black Sparrow Press Black Sparrow Press, U.S. Black Sparrow Press",234
literature,Charles Bukowski,"War all the time : poems, 1981-1984",waralltimepoems100buko,https://archive.org/details/waralltimepoems100buko,texts,91,"Bukowski, Charles",Santa Rosa : Black Sparrow Press,296
visual_art_and_artists,Francis Picabia,Francis Picabia,francispicabia00camf,https://archive.org/details/francispicabia00camf,texts,90,"Camfield, William A",New York : Solomon R. Guggenheim Museum,174
literature,Bret Easton Ellis,American psycho,americanpsycho0000elli_j9t1,https://archive.org/details/americanpsycho0000elli_j9t1,texts,90,"Ellis, Bret Easton",London : Picador,406
literature,Bret Easton Ellis,Lunar Park,isbn_0375727272,https://archive.org/details/isbn_0375727272,texts,90,"Ellis, Bret Easton",New York : Vintage,422
literature,Friedrich Nietzsche,"The birth of tragedy, or Hellenism and pessimism",thebirthoftraged00nietuoft,https://archive.org/details/thebirthoftraged00nietuoft,texts,90,"Nietzsche, Friedrich Wilhelm, 1844-1900",London : G. Allen & Unwin ; New York : Macmillan,244
literature,Friedrich Nietzsche,The complete works of Friedrich Nietzsche : the first complete and authorized English translation,completenietasch10nietuoft,https://archive.org/details/completenietasch10nietuoft,texts,90,"Nietzsche, Friedrich Wilhelm, 1844-1900, Levy, Oscar Ludwig, 1867-",New York : Macmillan,390
literature,Friedrich Nietzsche,The Antichrist,theantichrist19322gut,https://archive.org/details/theantichrist19322gut,texts,90,"Nietzsche, Friedrich Wilhelm, 1844-1900",,
literature,Charles Bukowski,"Screams from the balcony : selected letters, 1960-1970",screamsfrombalco00buko,https://archive.org/details/screamsfrombalco00buko,texts,90,"Bukowski, Charles, Cooney, Seamus",Santa Rosa : Black Sparrow Press,394
literature,Charles Bukowski,South of no north; stories of the buried life,southofnonorthst00buko,https://archive.org/details/southofnonorthst00buko,texts,90,"Bukowski, Charles","Los Angeles, Black Sparrow Press",204
literature,Marquis de Sade,The Revolutionary Ideas Of The Marquis De Sade,revolutionaryide029234mbp,https://archive.org/details/revolutionaryide029234mbp,texts,90,"Gorer, Geoffrey",Wishart And Company,277
literature,Marquis de Sade,Letters from prison,isbn_9781559704113,https://archive.org/details/isbn_9781559704113,texts,90,"Sade, marquis de, 1740-1814",New York : Arcade Pub.,440
literature,Andre Breton,Poems of André Breton : a bilingual anthology,poemsofandrbre00bretrich,https://archive.org/details/poemsofandrbre00bretrich,texts,90,"Breton, André, 1896-1966, Cauvin, Jean Pierre, Caws, Mary Ann",Austin : University of Texas Press,316
figures,Mussolini,"Mussolini as revealed in his political speeches, (November 1914 - August 1923)",mussoliniasrevea00mussuoft,https://archive.org/details/mussoliniasrevea00mussuoft,texts,90,"Mussolini, Benito, 1883-1945, Quaranta di San Severino, Bernardo, barone di, tr. [and] ed",London : Dent,426
figures,Mussolini,My Autobiography,MyAutobiography,https://archive.org/details/MyAutobiography,texts,90,Benito Mussolini,Charles Scribner's Sons,364
figures,Mussolini,Talks with Mussolini,TalksWithMussolini,https://archive.org/details/TalksWithMussolini,texts,90,"Mussolini, Benito, 1883-1945, Ludwig, Emil, 1881-1948, Paul, Eden, 1865-1944, tr, Paul, Cedar, joint tr","London, G. Allen & Unwin",243
figures,Napoleon,Napoleon's Oraculum and dream book. Containing the great oracle of human destiny,napoleonsoraculu00newy,https://archive.org/details/napoleonsoraculu00newy,texts,90,,"New York, F. Tousey",70
figures,Napoleon,The Campaigns of Napoleon,campaignsofnapol00chan,https://archive.org/details/campaignsofnapol00chan,texts,90,David G. Chandler,Weidenfeld and Nicolson,1228
figures,Napoleon,The officer's manual. Napoleon's maxims of war,officersmanualna00napo,https://archive.org/details/officersmanualna00napo,texts,90,"Napoleon I, Emperor of the French, 1769-1821, Burnod, ------, D'Aguilar, G. C. (George Charles), Sir, 1784-1855","Richmond, West & Johnston",170
figures,Napoleon,Napoleon in exile: Elba; from the entry of the allies into Paris on the 31st March 1814 to the return of Napoleon from Elba and his landing at Golfe Jouan on the 1st March 1815,napoleoninexilee00youn,https://archive.org/details/napoleoninexilee00youn,texts,90,"Young, Norwood, 1860-1973","London, Paul",464
figures,Christiane F,Zoo Station : (a memoir) : the story of Christiane F.,zoostationamemoi0000fchr,https://archive.org/details/zoostationamemoi0000fchr,texts,90,"F., Christiane","San Francisco, CA : Zest Books",374
literature,Charles Bukowski,Women.,women00buko_1,https://archive.org/details/women00buko_1,texts,89,Charles Bukowski,Harpercollins Publishers,310
literature,Henry Miller,Tropic of cancer,tropicofcancer00mill_0,https://archive.org/details/tropicofcancer00mill_0,texts,88,"Miller, Henry (1891-1980). Auteur",New York : Grove Weidenfeld,358
literature,Andre Breton,"First papers of surrealism : hanging by André Breton, his twine Marcel Duchamp",firstpaperssur00bret,https://archive.org/details/firstpaperssur00bret,texts,87,"Breton, André, 1896-1966, Duchamp, Marcel, 1887-1968, Coordinating Council of French Relief Societies, Inc","[New York : Coordinating Council of French Relief Societies, Inc.]",58
visual_art_and_artists,Jean Dubuffet,Jean Dubuffet : 1962-66,jeandubuffet1962allo,https://archive.org/details/jeandubuffet1962allo,texts,86,"Alloway, Lawrence ; Waldman, Diane",[New York : Solomon R. Guggenheim Foundation],86
literature,Marquis de Sade,The complete Marquis de Sade,completemarquisd02sade,https://archive.org/details/completemarquisd02sade,texts,86,"Sade, marquis de, 1740-1814, Gillette, Paul J., ed","Los Angeles, Holloway House PUb. Co. [distributed by All American Distributors Corp.]",326
figures,Napoleon,"The magnificent collection of engraved portraits formed by the late Edward R. Cope ..., American theatrical and Napoleoniana ... : to be sold Tuesday, May 5th, 1896 and following days ...",magnificentcolle00stan,https://archive.org/details/magnificentcolle00stan,texts,86,"Stan. V. Henkels (Firm), Cope, Edwin R, Thomas Birch's Sons",Philadelphia : Stan. V. Henkels,250
figures,Napoleon,"Medallic history of Napoleon. A collection of all the medals, coins, and jettons, relating to his actions and reign. From the year 1796-1815",medallichistoryo00milluoft,https://archive.org/details/medallichistoryo00milluoft,texts,86,"Millin, Aubin Louis, 1759-1818, Millingen, James, 1774-1845",London Printed for the editor,266
figures,Christiane F,Christiane f. : an autobiography of a child prostitute and heroin addict,christianef00fchr,https://archive.org/details/christianef00fchr,texts,86,"F., Christiane",[Place of publication not identified] : Bantam,262
visual_art_and_artists,Jean Dubuffet,Drawings,drawings0000dubu,https://archive.org/details/drawings0000dubu,texts,85,"Dubuffet, Jean, 1901-","New York, Museum of Modern Art; distributed by New York Graphic Society, Greenwich, Conn",58
visual_art_and_artists,Art Brut,Art brut,artbrut0000thev,https://archive.org/details/artbrut0000thev,texts,85,"Thévoz, Michel",New York : Rizzoli,190
visual_art_and_artists,Cy Twombly,Cy Twombly: a retrospective,cytwomblyretrosp0000varn,https://archive.org/details/cytwomblyretrosp0000varn,texts,85,"Varnedoe, Kirk, 1946-2003",New York : Museum of Modern Art : Distributed by H.N. Abrams,186
visual_art_and_artists,Robert Motherwell,Robert Motherwell : the Dedalus sketchbooks,robertmotherwell00moth,https://archive.org/details/robertmotherwell00moth,texts,85,"Motherwell, Robert, 1915-, Glenn, Constance, Glenn, Jack",New York : H.N. Abrams,66
visual_art_and_artists,Robert Motherwell,Reconciliation elegy,reconciliationel00moth,https://archive.org/details/reconciliationel00moth,texts,85,"Motherwell, Robert, Bigelow, Robert, Scofield, John E, Carmean, E. A",Geneva : Skira ; New York : Rizzoli,94
visual_art_and_artists,Robert Motherwell,Motherwell,motherwell0000flam,https://archive.org/details/motherwell0000flam,texts,85,"Flam, Jack D",New York : Rizzoli,138
literature,Henry Miller,Under the roofs of Paris,underroofsofpari0000mill,https://archive.org/details/underroofsofpari0000mill,texts,85,"Miller, Henry, 1891-1980",New York : Grove Press,294
literature,Mass Psychology of Fascism,wilhelm-reich-the-mass-psychology-of-fascism,wilhelm-reich-the-mass-psychology-of-fascism,https://archive.org/details/wilhelm-reich-the-mass-psychology-of-fascism,texts,84,,,435
literature,Charles Bukowski,The last night of the earth poems,lastnightofearth00buko,https://archive.org/details/lastnightofearth00buko,texts,84,"Bukowski, Charles",Santa Rosa : Black Sparrow Press,414
film_and_cinema,Roman Polanski,Roman,roman00pola,https://archive.org/details/roman00pola,texts,83,"Polanski, Roman",New York : Morrow,474
literature,Bret Easton Ellis,The rules of attraction,rulesofattractio0000elli,https://archive.org/details/rulesofattractio0000elli,texts,83,"Ellis, Bret Easton",Picador,340
literature,Henry Miller,Sexus,sexus0000mill,https://archive.org/details/sexus0000mill,texts,83,"Miller, Henry, 1891-1980",New York : Grove Press : Distributed by Random House,646
literature,Charles Bukowski,Pulp,pulp00buko_0,https://archive.org/details/pulp00buko_0,texts,83,"Bukowski, Charles","Santa Rosa, CA : Black Sparrow Press",218
literature,Marquis de Sade,Juliette,juliette0000marq,https://archive.org/details/juliette0000marq,texts,83,Marquis de Sade,Penguin Random House,1230
literature,Marquis de Sade,"The 120 days of Sodom, or, The School of Libertinage",120daysofsodomor0000sade,https://archive.org/details/120daysofsodomor0000sade,texts,83,"Sade, marquis de, 1740-1814, author",[London] : Penguin Books,470
figures,Menendez Brothers,Blood brothers : the inside story of the Menendez murders,bloodbrothersins00sobl,https://archive.org/details/bloodbrothersins00sobl,texts,83,"Soble, Ron, Johnson, John, 1947-",New York : Onyx,414
film_and_cinema,Kenneth Anger,Kenneth Anger's Hollywood Babylon II,kennethangershol00ange,https://archive.org/details/kennethangershol00ange,texts,82,"Anger, Kenneth","New York, NY : New American Library",358
literature,Charles Bukowski,The most beautiful woman in town & other stories,mostbeautifulwom0000buko,https://archive.org/details/mostbeautifulwom0000buko,texts,82,"Bukowski, Charles,Chiarello, Gail,Bukowski, Charles. Erections, ejaculations, exhibitions, and general tales of ordinary madness",San Francisco : City Lights Books,254
literature,Charles Bukowski,Tales of ordinary madness,talesofordinarym0000buko,https://archive.org/details/talesofordinarym0000buko,texts,82,"Bukowski, Charles",San Francisco : City Lights Books,254
visual_art_and_artists,Terry Richardson,Lady Gaga,ladygaga0000rich,https://archive.org/details/ladygaga0000rich,texts,81,"Richardson, Terry",New York : Grand Central Pub.,360
visual_art_and_artists,Frank Lloyd Wright,"Frank Lloyd Wright, writings and buildings",franklloydwright0000wrig_j5o2,https://archive.org/details/franklloydwright0000wrig_j5o2,texts,81,"Wright, Frank Lloyd, 1867-1959","Cleveland ; New York : Meridian Books, The World Publishing Company",358
literature,Bret Easton Ellis,Glamorama,glamorama0000elli,https://archive.org/details/glamorama0000elli,texts,81,"Ellis, Bret Easton",London : Picador,502
literature,Albert Camus,The fall. : a novel,fallnovel00camu,https://archive.org/details/fallnovel00camu,texts,81,"Camus, Albert, 1913-1960",New York : Vintage/Random House,168
literature,Albert Camus,"Notebooks, 1942-1951",notebooks19421950000albe,https://archive.org/details/notebooks19421950000albe,texts,81,"Camus, Albert, 1913-1960",New York : Knopf,298
literature,Charles Bukowski,You get so alone at times that it just makes sense,yougetsoaloneatt0000buko,https://archive.org/details/yougetsoaloneatt0000buko,texts,81,"Bukowski, Charles",Santa Rosa : Black Sparrow Press,326
literature,Charles Bukowski,"The pleasures of the damned : poems, 1951-1993",pleasuresofdamne0000buko,https://archive.org/details/pleasuresofdamne0000buko,texts,81,"Bukowski, Charles",New York : Ecco ; Enfield : Publishers Group UK [distributor],580
literature,Charles Bukowski,"Burning in water, drowning in flame",burninginwaterdr00buko_0,https://archive.org/details/burninginwaterdr00buko_0,texts,81,"Bukowski, Charles",New York : Ecco,254
literature,Charles Bukowski,Ham on rye : a novel,hamonryenovel0000buko_b8p1,https://archive.org/details/hamonryenovel0000buko_b8p1,texts,81,"Bukowski, Charles",Santa Barbara : Black Sparrow,294
literature,William S. Burroughs,Junky,junky0000burr,https://archive.org/details/junky0000burr,texts,81,"Burroughs, William S., 1914-1997",New York : Penguin Books,214
literature,William S. Burroughs,Interzone,interzone00burr,https://archive.org/details/interzone00burr,texts,81,"Burroughs, William S., 1914-, Grauerholz, James","New York, N.Y. : Viking",234
literature,Marquis de Sade,The complete Marquis de Sade. Volume 1,completemarquisd0000sade,https://archive.org/details/completemarquisd0000sade,texts,81,"Sade, marquis de, 1740-1814",Los Angeles : Holloway House,646
figures,John Wayne Gacy,Killer clown : the John Wayne Gacy murders,killerclownjohnw0000sull,https://archive.org/details/killerclownjohnw0000sull,texts,81,"Sullivan, Terry",New York : Pinnacle Books,406
visual_art_and_artists,Jean Dubuffet,Art brut in America : the incursion of Jean Dubuffet,artbrutinamerica0000unse,https://archive.org/details/artbrutinamerica0000unse,texts,80,,"New York : American Folk Art Museum, Minneapolis, MN : Shapco Printing",254
visual_art_and_artists,Jean Dubuffet,"Jean Dubuffet : rétrospective : peintures, sculptures, dessins, 6 juillet-6 octobre 1985, Fondation Maeght",jeandubuffetretr0000dubu,https://archive.org/details/jeandubuffetretr0000dubu,texts,80,"Dubuffet, Jean, 1901-1985",Saint-Paul : Fondation Maeght,200
visual_art_and_artists,Cy Twombly,"Cy Twombly : paintings, works on paper, sculpture",cytwomblypaintin0000twom,https://archive.org/details/cytwomblypaintin0000twom,texts,80,"Twombly, Cy, 1928-2011",[Munich] : Prestel-Verlag,242
visual_art_and_artists,Cy Twombly,"Cy Twombly : Photographien, Druckgraphiken und Papierarbeiten aus der Sammlung Grosshaus = Photographs, prints and works on paper from the Grosshaus collection",cytwomblyphotogr0000twom,https://archive.org/details/cytwomblyphotogr0000twom,texts,80,"Twombly, Cy, 1928-2011",Köln : König,222
visual_art_and_artists,Cy Twombly,Cy Twombly : das skulpturale Werk,cytwomblydasskul0000hoch,https://archive.org/details/cytwomblydasskul0000hoch,texts,80,"Hochdörfer, Achim",Klagenfurt : Ritter,210
visual_art_and_artists,Robert Motherwell,The collected writings of Robert Motherwell,collectedwriting00moth,https://archive.org/details/collectedwriting00moth,texts,80,"Motherwell, Robert, Terenzio, Stephanie","Berkeley, Calif. : University of California Press",404
visual_art_and_artists,Robert Motherwell,Robert Motherwell,robertmotherwell0000moth,https://archive.org/details/robertmotherwell0000moth,texts,80,"Motherwell, Robert",New York : Abbeville Press,166
visual_art_and_artists,Robert Motherwell,Robert Motherwell : what art holds,robertmotherwell0000caws,https://archive.org/details/robertmotherwell0000caws,texts,80,"Caws, Mary Ann",New York : Columbia University Press,290
visual_art_and_artists,Bauhaus,Bauhaus,bauhaus0000kenn,https://archive.org/details/bauhaus0000kenn,texts,80,"Kennedy, Andrew",London : Star Fire,390
visual_art_and_artists,Bauhaus,The Theater of the Bauhaus,theaterofbauhaus00schl,https://archive.org/details/theaterofbauhaus00schl,texts,80,"Schlemmer, Oskar, 1888-1943, Moholy-Nagy, László, 1895-1946, Molnár, Farkas","Middletown, Conn. : Wesleyan University Press",120
visual_art_and_artists,Antoni Tapies,Antoni Tàpies : from object to sculpture (1964-2002),antonitpiesfromo0000tapi,https://archive.org/details/antonitpiesfromo0000tapi,texts,80,"Tàpies, Antoni, 1923-2012",Madrid : TF ; BIlbao : Guggenheim Bilbao,218
visual_art_and_artists,Antoni Tapies,antoni tapies,antonitapies0000unse,https://archive.org/details/antonitapies0000unse,texts,80,,,238
visual_art_and_artists,Antoni Tapies,Tapies: Complete Works Volume II: 1961-1968,tapiescompletewo0000andr,https://archive.org/details/tapiescompletewo0000andr,texts,80,"Andreas Franzke, Antoni Tàpies",Poligrafa,384
visual_art_and_artists,Wallace Berman,Semina culture : Wallace Berman & his circle,seminaculturewal0000dunc,https://archive.org/details/seminaculturewal0000dunc,texts,80,"Duncan, Michael, 1953-","New York, NY : D.A.P./Distributed Art Publishers ; Santa Monica, Calif. : Santa Monica Museum of Art",394
visual_art_and_artists,Kiki Picasso,"Bohemian Paris : Picasso, Modigliani, Matisse, and the birth of modern art",bohemianparispic00fran,https://archive.org/details/bohemianparispic00fran,texts,80,"Franck, Dan",New York : Grove Press,474
visual_art_and_artists,Frank Lloyd Wright,"In the cause of architecture, Frank Lloyd Wright : essays",incauseofarchite0000unse,https://archive.org/details/incauseofarchite0000unse,texts,80,"Wright, Frank Lloyd, 1867-1959, author","New York, NY : Architectural Record",266
film_and_cinema,Kenneth Anger,Anger : the unauthorized biography of Kenneth Anger,angerunauthorize0000land,https://archive.org/details/angerunauthorize0000land,texts,80,"Landis, Bill, 1959-",New York : HarperCollins Publishers,322
film_and_cinema,Roman Polanski,The girl : a life in the shadow of Roman Polanski,girllifeinshadow0000geim,https://archive.org/details/girllifeinshadow0000geim,texts,80,"Geimer, Samantha, author",London : Simon & Schuster,278
film_and_cinema,Roman Polanski,"Polanski, the filmmaker as voyeur : a biography",polanskifilmmake0000leam,https://archive.org/details/polanskifilmmake0000leam,texts,80,"Leaming, Barbara",New York : Simon and Schuster,250
film_and_cinema,Roman Polanski,Polanski,polanski0000sand_o2p2,https://archive.org/details/polanski0000sand_o2p2,texts,80,"Sandford, Christopher, 1956-",New York : Palgrave Macmillan,422
film_and_cinema,Roman Polanski,Roman Polanski : interviews,romanpolanskiint0000pola,https://archive.org/details/romanpolanskiint0000pola,texts,80,"Polanski, Roman",Jackson : University Press of Mississippi,264
film_and_cinema,Roman Polanski,Repulsion : the life and times of Roman Polanski,repulsionlifetim0000kier,https://archive.org/details/repulsionlifetim0000kier,texts,80,"Kiernan, Thomas",Sevenoaks : New English Library,318
film_and_cinema,Roman Polanski,Roman Polanski : a guide to references and resources,romanpolanskigui0000bisp,https://archive.org/details/romanpolanskigui0000bisp,texts,80,"Bisplinghoff, Gretchen",Boston : Hall,138
film_and_cinema,Roman Polanski,"Roman Polanski, l'art de l'adaptation",romanpolanskilar0000unse,https://archive.org/details/romanpolanskilar0000unse,texts,80,,"Paris, France : L'Harmattan",284
film_and_cinema,Roman Polanski,The Roman Polanski story,romanpolanskisto0000kier,https://archive.org/details/romanpolanskisto0000kier,texts,80,"Kiernan, Thomas",New York : Delilah/Grove Press : distributed by Random House,298
film_and_cinema,Roman Polanski,Polanski and perception : the psychology of seeing and the cinema of Roman Polanski,polanskipercepti0000capu,https://archive.org/details/polanskipercepti0000capu,texts,80,"Caputo, Davide","Bristol, UK ; Chicago, USA : Intellect",302
film_and_cinema,Roman Polanski,Roman Polanski : a life in exile,romanpolanskilif0000aink,https://archive.org/details/romanpolanskilif0000aink,texts,80,"Ain-Krupa, Julia","Santa Barbara, Calif. : Praeger",206
film_and_cinema,Roman Polanski,Roman Polanski : vie et destin de l'artiste,romanpolanskivie0000colo,https://archive.org/details/romanpolanskivie0000colo,texts,80,"Colombani, Florence",Paris : P. Rey : France culture,254
literature,Bret Easton Ellis,Imperial bedrooms,imperialbedrooms00elli_0,https://archive.org/details/imperialbedrooms00elli_0,texts,80,Bret Easton Ellis,Alfred A. Knopf,202
literature,Bret Easton Ellis,The informers,informers0000elli_g5w9,https://archive.org/details/informers0000elli_g5w9,texts,80,"Ellis, Bret Easton",London : Picador,276
literature,Bret Easton Ellis,Moins que zéro,moinsquezero0000elli,https://archive.org/details/moinsquezero0000elli,texts,80,"Ellis, Bret Easton, 1964- ..",Paris : France loisirs,250
literature,Bret Easton Ellis,Zombies,zombies0000elli,https://archive.org/details/zombies0000elli,texts,80,"Ellis, Bret Easton, 1964- ..",Paris : 10-18,294
literature,Mass Psychology of Fascism,the mass psychology fascism,masspsychologyfa0000unse,https://archive.org/details/masspsychologyfa0000unse,texts,80,,,434
literature,Albert Camus,Albert Camus The Myth Of Sisyphus,AlbertCamusTheMythOfSisyphus,https://archive.org/details/AlbertCamusTheMythOfSisyphus,texts,80,Albert Camus,,
literature,Henry Miller,The Air Conditioned Nightmare,in.ernet.dli.2015.187236,https://archive.org/details/in.ernet.dli.2015.187236,texts,80,Henry Miller,,
literature,Charles Bukowski,The flash of lightning behind the mountain,flashoflightning00buko,https://archive.org/details/flashoflightning00buko,texts,80,Charles Bukowski,Ecco,328
literature,Charles Bukowski,Shakespeare never did this,shakespearenever00buko,https://archive.org/details/shakespearenever00buko,texts,80,"Bukowski, Charles","Santa Rosa, CA : Black Sparrow Press",182
literature,Charles Bukowski,What matters most is how well you walk through the fire,whatmattersmosti0000buko,https://archive.org/details/whatmattersmosti0000buko,texts,80,"Bukowski, Charles","Santa Rosa, CA : Black Sparrow Press",422
literature,Charles Bukowski,Dangling in the tournefortia,danglingintourne0000buko,https://archive.org/details/danglingintourne0000buko,texts,80,"Bukowski, Charles, author",Santa Rosa : Black Sparrow Press,298
literature,Charles Bukowski,Slouching toward Nirvana : new poems,slouchingtowardn0000buko,https://archive.org/details/slouchingtowardn0000buko,texts,80,"Bukowski, Charles",New York : Ecco,294
literature,William S. Burroughs,Mayfair 1970: William Burroughs Challenges L. Ron Hubbard,mayfair-william-burroughs-challenges-l.-ron-hubbard-1970,https://archive.org/details/mayfair-william-burroughs-challenges-l.-ron-hubbard-1970,texts,80,,,
literature,William S. Burroughs,"Speed ; and, Kentucky ham",speedandkentucky00burr,https://archive.org/details/speedandkentucky00burr,texts,80,"Burroughs, William S., 1947-, Burroughs, William S., 1947- Kentucky ham","Woodstock, N.Y. : Overlook Press",390
literature,William S. Burroughs,Naked lunch : the restored text,nakedlunchrestor0000burr_f6c6,https://archive.org/details/nakedlunchrestor0000burr_f6c6,texts,80,"Burroughs, William S., 1914-1997",London : Fourth Estate,326
literature,William S. Burroughs,Re/search #4/5 : a special book issue,research45specia00burr,https://archive.org/details/research45specia00burr,texts,80,"Burroughs, William S., 1914-1997, Gysin, Brion","San Francisco, CA : Re/search",102
literature,William S. Burroughs,The job : interviews with William S. Burroughs,jobinterviewswit0000burr_i6b8,https://archive.org/details/jobinterviewswit0000burr_i6b8,texts,80,"Burroughs, William S., 1914-1997",New York : Grove Press : distributed by Random House,230
literature,William S. Burroughs,The ticket that exploded,ticketthatexplod00burr_0,https://archive.org/details/ticketthatexplod00burr_0,texts,80,William S. Burroughs,Grove Press,230
literature,Marquis de Sade,Justine ou les Malheurs de la vertu,justineoulesmalh0000sade,https://archive.org/details/justineoulesmalh0000sade,texts,80,"Sade, marquis de, 1740-1814","Paris, le Livre de poche",388
figures,Stalin,"The crimes of the Stalin era, special report to the 20th congress of the Communist Party of the Soviet Union.",TheCrimesOfTheStalinEraSpecialReportToThe20thCongressOfThe,https://archive.org/details/TheCrimesOfTheStalinEraSpecialReportToThe20thCongressOfThe,texts,80,"Khrushchev, Nikita Sergeevich 1894-1971; Nicolaevsky, Boris I. 1887-1966",[New York] New Leader,
figures,Stalin,Works Of Joseph Stalin,WorksOfJosephStalin,https://archive.org/details/WorksOfJosephStalin,texts,80,Joseph Stalin,,
figures,Mussolini,A Doutrina Do Fascismo - 1932,1932-a-doutrina-do-fascismo,https://archive.org/details/1932-a-doutrina-do-fascismo,texts,80,Benito Mussolini e Giovanni Gentile,,
figures,Mussolini,La Doctrina del Fascismo - Benito Mussolini,mussolini-benito.-la-doctrina-del-fascismo-1934,https://archive.org/details/mussolini-benito.-la-doctrina-del-fascismo-1934,texts,80,,,
figures,Napoleon,"The book of fate, formerly in the possession of Napoleon ...",b29321876,https://archive.org/details/b29321876,texts,80,"Napoleon I, Emperor of the French, 1769-1821. n 79054933, Sonnini, M, Kirchenhoffer, H",London : C.S. Arnold,120
figures,John Wayne Gacy,John Wayne Gacy : defending a monster,johnwaynegacydef0000amir,https://archive.org/details/johnwaynegacydef0000amir,texts,80,"Amirante, Sam L",New York : Skyhorse Pub.,458
figures,Aileen Wuornos,Dear Dawn : Aileen Wuornos in her own words 1991-2002,deardawnaileenwu0000wuor,https://archive.org/details/deardawnaileenwu0000wuor,texts,80,"Wuornos, Aileen","Berkeley, CA : Soft Skull Press : Distributed by Publishers Group West",374
figures,Aileen Wuornos,Monster : inside the mind of Aileen Wuornos,monsterinsidemin0000wuor,https://archive.org/details/monsterinsidemin0000wuor,texts,80,"Wuornos, Aileen",London : John Blake,270
figures,Aileen Wuornos,The female homicide offender : serial murder and the case of Aileen Wuornos,femalehomicideof0000ship,https://archive.org/details/femalehomicideof0000ship,texts,80,"Shipley, Stacey L","Upper Saddle River, N.J. : Pearson : Prentice Hall",206
figures,Columbine,No easy answers : the truth behind death at Columbine,pdfy-pC_WzWbOzxls5ms1,https://archive.org/details/pdfy-pC_WzWbOzxls5ms1,texts,80,"Brown, Brooks, Merritt, Rob, 1976-",New York : Lantern Books,
figures,Columbine,Columbine 1999 Yearbook PDF,chs1999yearbook,https://archive.org/details/chs1999yearbook,texts,80,CHS,,
figures,Christiane F,"Moi, Christiane F., 13 ans, droguée, prostituée",moichristianef130000chri,https://archive.org/details/moichristianef130000chri,texts,80,"Christiane F., 1962- ..",Paris : [Gallimard],358
figures,Genesis P-Orridge,Genesis Breyer P Orridge Thee Psychick Bible Pdf TKRG,genesis-breyer-p-orridge-thee-psychick-bible-pdf-tkrg,https://archive.org/details/genesis-breyer-p-orridge-thee-psychick-bible-pdf-tkrg,texts,80,,,
figures,Genesis P-Orridge,"Dead Flowers : Charles Atlas, Alvin Baltrop, Genesis Breyer P-orridge, Timothy Carey, Johanna Constantine, Marti Domination, Scott Ewalt, Georg Gatsas, Brandon Olson, Kembra Pfahler, Cynthia Plaster Caster, Tabboo! (Stephen Tashjian), Paul Thek",deadflowerscharl0000unse,https://archive.org/details/deadflowerscharl0000unse,texts,80,,"Philadelphia, PA : Vox Populi, New York, NY : Participant Inc.",286
figures,Stalin,Viktor Suworow - Stalins verhinderter Erstschlag,34458777ViktorSuworowStalinsVerhinderterErstschlag,https://archive.org/details/34458777ViktorSuworowStalinsVerhinderterErstschlag,texts,79,Viktor Suworow,,
visual_art_and_artists,Henry Darger,In the Realms of the Unreal,realms-of-the-unreal,https://archive.org/details/realms-of-the-unreal,texts,78,Henry Darger,Henry Darger,
figures,Mussolini,Dante Alighieri e Benito Mussolini,DanteAlighierieBenitoMussolini,https://archive.org/details/DanteAlighierieBenitoMussolini,texts,78,Domenico Venturini,,
figures,Mussolini,ARCHIVIO FASCISMO MUSSOLINI OPERA OMNIA ITA,archivio-fascismo-mussolini-opera-omnia-ita,https://archive.org/details/archivio-fascismo-mussolini-opera-omnia-ita,texts,78,Neo99,,
figures,John Wayne Gacy,John Wayne Gacy trial,Gacy_trial,https://archive.org/details/Gacy_trial,texts,78,,,
figures,Mussolini,Mussolini Archive,mussolini-archive,https://archive.org/details/mussolini-archive,texts,77,,,
visual_art_and_artists,Bauhaus,Design and form : the basic course at the Bauhaus and later,designformbas00itte,https://archive.org/details/designformbas00itte,texts,76,"Itten, Johannes, 1888-1967, Bauhaus",New York : Van Nostrand Reinhold,142
film_and_cinema,Buffalo 66 vincent gallo,"BUFFALO '66 ""First Very Rough Draft"" Script - March 26th, 1996",buffalo-66-script,https://archive.org/details/buffalo-66-script,texts,76,Vincent Gallo,,
figures,Mussolini,Behold Our New Empire Mussolini,BeholdOurNewEmpireMussolini,https://archive.org/details/BeholdOurNewEmpireMussolini,texts,76,Kenneth Irkness,,
figures,Napoleon,"Description of Egypt: Antiquities, Descriptions, Volume Two: Or, Collection of Observations and Research Conducted in Egypt During the Expedition of the French Army",descriptionofegyptvol2,https://archive.org/details/descriptionofegyptvol2,texts,76,"France. Commission des sciences et arts d'Egypte, France. Armée. Armée d'Orient (1798-1801), Napoleon I, Emperor of the French, 1769-1821, Jomard, Edme Françoise, 1777-1862, Fourier, Jean Baptiste Joseph, baron, 1768-1830","Paris, Imprimerie impériale",
literature,Friedrich Nietzsche,"Friedrich Nietzsche, Trans. Walter Kaufmann Beyond Good And Evil ( Prelude To A Philosophy Of The Future) Vintage Books ( 1966)",friedrich-nietzsche-trans.-walter-kaufmann-beyond-good-and-evil-prelude-to-a-phi,https://archive.org/details/friedrich-nietzsche-trans.-walter-kaufmann-beyond-good-and-evil-prelude-to-a-phi,texts,75,,,
literature,Andre Breton,manifestes du surrealisme,manifestesdusurr0000andr,https://archive.org/details/manifestesdusurr0000andr,texts,75,andre breton,,198
literature,Albert Camus,"Albert Camus, the stranger",albertcamusstran0000mcca,https://archive.org/details/albertcamusstran0000mcca,texts,74,"McCarthy, Patrick, 1941-2007",Cambridge [Cambridgeshire] ; New York : Cambridge University Press,138
figures,Mussolini,"Il Trentino, veduto da un socialista; note e notizie",iltrentinoveduto00mussuoft,https://archive.org/details/iltrentinoveduto00mussuoft,texts,74,"Mussolini, Benito, 1883-1945",Firenze Rinascita del libro,116
figures,Mussolini,The Doctrine Of Fascism By Benito Mussolini 1933,TheDoctrineOfFascismByBenitoMussoliniPrinted1933,https://archive.org/details/TheDoctrineOfFascismByBenitoMussoliniPrinted1933,texts,74,,,
figures,Mussolini,God Does Not Exist,GodDoesNotExist,https://archive.org/details/GodDoesNotExist,texts,74,Benito Mussolini,,
film_and_cinema,Mulholland Drive david lynch,Mulholland Drive (2001) Screenplay,mulholland-drive-2001-01.05.1999,https://archive.org/details/mulholland-drive-2001-01.05.1999,texts,73,,,
figures,Mussolini,Labor Charter of Fascist Italy,FascistLaborCharter,https://archive.org/details/FascistLaborCharter,texts,73,Benito Mussolini,,
figures,Mussolini,Mussolini,mussolini_202104,https://archive.org/details/mussolini_202104,texts,73,,,
figures,Mussolini,The Cardinals Mistress,in.ernet.dli.2015.114410,https://archive.org/details/in.ernet.dli.2015.114410,texts,73,"Mussolini,benito",,
visual_art_and_artists,Larry Clark,The perfect childhood,perfectchildhood0000clar,https://archive.org/details/perfectchildhood0000clar,texts,72,"Clark, Larry, 1943-",Zurich ; New York : Scalo,186
visual_art_and_artists,Larry Clark,Tulsa,tulsa0000clar,https://archive.org/details/tulsa0000clar,texts,72,"Clark, Larry, 1943-",New York : Grove Press,74
literature,Albert Camus,Caligula,caligula0000camu,https://archive.org/details/caligula0000camu,texts,72,"Camus, Albert, 1913-1960",London : Methuen,158
literature,William S. Burroughs,The wild boys; a book of the dead,isbn_039417819x,https://archive.org/details/isbn_039417819x,texts,72,"Burroughs, William S., 1914-1997",New York : Grove Press,198
literature,Marquis de Sade,Selected Writings Of De Sade,in.ernet.dli.2015.461044,https://archive.org/details/in.ernet.dli.2015.461044,texts,72,"Saint-yves, Leonard De Tr.",,
figures,Mussolini,The doctrine of fascism,doctrineoffascis0000muss,https://archive.org/details/doctrineoffascis0000muss,texts,72,"Mussolini, Benito, 1883-1945",New York : H. Fertig,78
figures,Mussolini,Universal Aspects Of Fascism,1928UniversalAspectsOfFascism,https://archive.org/details/1928UniversalAspectsOfFascism,texts,72,James Strachey Barnes; Benito Mussolini,,
figures,Mussolini,"Mussolini, B. La Doctrina Del Fascismo [1937]",mussolini-b.-la-doctrina-del-fascismo-1937,https://archive.org/details/mussolini-b.-la-doctrina-del-fascismo-1937,texts,72,Benito Mussolini,,
figures,Mussolini,Benito Mussolini Memoirs 1942-1943,in.ernet.dli.2015.80543,https://archive.org/details/in.ernet.dli.2015.80543,texts,72,Klinamsky Raymond,,
figures,Aileen Wuornos,Aileen Wuornos,AileenWuornos,https://archive.org/details/AileenWuornos,texts,72,Federal Bureau of Investigation,,
literature,William S. Burroughs,"William S.Burroughs – Art Now: A Day of Contemporary Art Prose Reading, July 1989, Naropa Institute.",WilliamS.burroughsArtNowADayOfContemporaryArtProseReadingJuly,https://archive.org/details/WilliamS.burroughsArtNowADayOfContemporaryArtProseReadingJuly,texts,71,Marcus D. Niski,,
figures,John Wayne Gacy,John Wayne Gacy documents from Des Plaines Police Department,Gacy_DesPlainesPD,https://archive.org/details/Gacy_DesPlainesPD,texts,71,,,
figures,Bob Flanagan,"""Sick: The Life & Death Of Bob Flanagan, Supermasochist"" (1997) Kirby Dick",SickTheLifeDeathOfBobFlanaganSupermasochist,https://archive.org/details/SickTheLifeDeathOfBobFlanaganSupermasochist,texts,71,,,
figures,Genesis P-Orridge,Painful But Fabulous: The Life and Art of Genesis P-Orridge,PainfulButFabulous,https://archive.org/details/PainfulButFabulous,texts,71,"Douglas Rushkoff, Genesis P-Orridge, Carl Abrahamsson, Richard Metzger, Bengala, Paul Cecil, Carol Tessitore",,
visual_art_and_artists,Henry Darger,Darger's resources,dargersresources0000moon,https://archive.org/details/dargersresources0000moon,texts,70,"Moon, Michael, 1950-",Durham : Duke University Press,178
visual_art_and_artists,Jean Dubuffet,"Jean Dubuffet 1943-1963 : paintings, sculptures, assemblages : an exhibition",jeandubuffet19430000dubu,https://archive.org/details/jeandubuffet19430000dubu,texts,70,"Dubuffet, Jean, 1901-1985","Washington, D.C. : Hirshhorn Museum and Sculpture Garden in association with the Smithsonian Institution Press",174
visual_art_and_artists,Jean Dubuffet,"Jean Dubuffet & art brut : ...from the collections of the Solomon R. Guggenheim Foundation, Pierre Matisse and the Collection de l'Art Brut, Lausanne",jeandubuffetartb0000unse,https://archive.org/details/jeandubuffetartb0000unse,texts,70,,Venice : Peggy Guggenheim Collection,128
visual_art_and_artists,Jean Dubuffet,The common man: works by Jean Dubuffet : [exhibition catalogue],commonmanworksby0000dubu,https://archive.org/details/commonmanworksby0000dubu,texts,70,"Dubuffet, Jean, 1901-",Montreal : The Montreal Museum of Fine Arts,70
visual_art_and_artists,Jean Dubuffet,Jean Dubuffet Asphyxiante culture,jeandubuffetasph0000unse,https://archive.org/details/jeandubuffetasph0000unse,texts,70,,,166
visual_art_and_artists,Larry Clark,"The American trip : Larry Clark, Nan Goldin, Cady Noland, Richard Prince : 2 February-8 April 1996, the Power Plant",americantriplarr0000monk,https://archive.org/details/americantriplarr0000monk,texts,70,"Monk, Philip, 1950-",Toronto : The Power Plant,68
visual_art_and_artists,Cy Twombly,Cy Twombly,cytwombly0000bart,https://archive.org/details/cytwombly0000bart,texts,70,"Barthes, Roland, (1915-1980)",Paris : Seuil,86
visual_art_and_artists,Cy Twombly,Cy Twombly : cinquante années de dessins,cytwomblycinquan0000twom,https://archive.org/details/cytwomblycinquan0000twom,texts,70,"Twombly, Cy, 1928-2011",Paris : Gallimard : Centre Pompidou,186
visual_art_and_artists,Cy Twombly,Cy Twombly : eight sculptures,cytwomblyeightsc0000twom,https://archive.org/details/cytwomblyeightsc0000twom,texts,70,"Twombly, Cy, 1928-2011",New York : Gagosian Gallery,66
visual_art_and_artists,Robert Motherwell,Robert motherwell : open,robertmotherwell0000moth_t7u2,https://archive.org/details/robertmotherwell0000moth_t7u2,texts,70,"Motherwell, Robert",London : 21 Publishing,194
visual_art_and_artists,Robert Motherwell,Bradley Walker Tomlin,bradleywalkertom0000john,https://archive.org/details/bradleywalkertom0000john,texts,70,"John I.H. Baur [Notes by Philip Guston, Robert Motherwell, Duncan Phillips and Frederick S. Wright]",Macmillan Company,72
visual_art_and_artists,Robert Motherwell,robert motherwell with selections from the artist's writings,robertmotherwell0000unse,https://archive.org/details/robertmotherwell0000unse,texts,70,,,102
visual_art_and_artists,Francis Picabia,Poèmes et dessins de la fille née sans mère,poemesetdessinsd0000pica,https://archive.org/details/poemesetdessinsd0000pica,texts,70,"Picabia, Francis, 1879-1953",Paris : Allia,98
visual_art_and_artists,Francis Picabia,"Francis Picabia : dans les collections du Centre Pompidou, Musée national d'art moderne",francispicabiada0000pica,https://archive.org/details/francispicabiada0000pica,texts,70,"Picabia, Francis, 1879-1953",Paris : Éditions du Centre Pompidou,158
visual_art_and_artists,Antoni Tapies,Antoni Tàpies. Galerie Boisseree 2019,antoni-tapies.-galerie-boisseree-2019,https://archive.org/details/antoni-tapies.-galerie-boisseree-2019,texts,70,Galerie Boisseree.,,
visual_art_and_artists,Wallace Berman,Artist file: Wallace Berman: miscellaneous uncataloged material,artistfilebermanwallace,https://archive.org/details/artistfilebermanwallace,texts,70,"Berman, Wallace, 1926-1976",,79
visual_art_and_artists,Wallace Berman,Wallace Berman: Photographs,wallacebermanpho0000unse,https://archive.org/details/wallacebermanpho0000unse,texts,70,,RoseGallery Los Angeles,162
visual_art_and_artists,Bruce Conner,Artist file : Bruce Conner : miscellaneous uncataloged material,artistfileconnerbruce,https://archive.org/details/artistfileconnerbruce,texts,70,"Conner, Bruce, 1933-2008",,172
visual_art_and_artists,Frank Lloyd Wright,Frank Lloyd Wright Rebel In Concrete,FrankLloydWrightRebelInConcrete_116872_p200_CMU,https://archive.org/details/FrankLloydWrightRebelInConcrete_116872_p200_CMU,texts,70,Aylesa Forsee,Macrae Smith Company,
film_and_cinema,Kenneth Anger,Black leather Lucifer : the films of Kenneth Anger,blackleatherluci0000hunt,https://archive.org/details/blackleatherluci0000hunt,texts,70,"Hunter, Jack",London : Glitter,174
film_and_cinema,Kenneth Anger,Moonchild with Kenneth Anger,Moonchild_201902,https://archive.org/details/Moonchild_201902,texts,70,,,
film_and_cinema,Kenneth Anger,Hollywood Babylon - Kenneth Anger,hollywood-babylon-kenneth-anger,https://archive.org/details/hollywood-babylon-kenneth-anger,texts,70,Kenneth Anger,,
film_and_cinema,Roman Polanski,The cinema of Roman Polanski,cinemaofromanpol0000butl,https://archive.org/details/cinemaofromanpol0000butl,texts,70,"Butler, Ivan",New York : A. S. Barnes ; London : A. Zwemmer Limited,198
film_and_cinema,Roman Polanski,Polanski : his life and films,polanskihislifef0000leam,https://archive.org/details/polanskihislifef0000leam,texts,70,"Leaming, Barbara",London : Hamilton,190
film_and_cinema,Roman Polanski,Il fantasma e la fanciulla : tre film di Roman Polanski,ilfantasmaelafan0000scan,https://archive.org/details/ilfantasmaelafan0000scan,texts,70,"Scandola, Alberto",Caselle di Sommacampagna (VR) : Cierre,126
literature,Bret Easton Ellis,Bret Easton Ellis's American Psycho : a reader's guide,breteastonelliss0000murp,https://archive.org/details/breteastonelliss0000murp,texts,70,"Murphet, Julian",New York : Continuum,102
literature,Bret Easton Ellis,suite(s) impériale(s),suitesimpriales0000bret,https://archive.org/details/suitesimpriales0000bret,texts,70,Bret Easton Ellis,43374,198
literature,Bret Easton Ellis,Bret Easton Ellis Rewrites Babysitters Club,bret-easton-ellis-babysitters-club,https://archive.org/details/bret-easton-ellis-babysitters-club,texts,70,,,
literature,Bret Easton Ellis,Unter Null Roman,unternullroman0000elli,https://archive.org/details/unternullroman0000elli,texts,70,"Ellis, Bret Easton 1964- Verfasser",Reinbek bei Hamburg Rowohlt,198
literature,Charles Bukowski,Pig In A Pamphlet 12,PigInAPamphlet12,https://archive.org/details/PigInAPamphlet12,texts,70,Charles Bukowski,,
literature,Charles Bukowski,The continual condition,continualconditi00buko,https://archive.org/details/continualconditi00buko,texts,70,Charles Bukowski,Ecco,154
literature,Charles Bukowski,Charles Bukowski Obituary,CharlesBukowskiObituary,https://archive.org/details/CharlesBukowskiObituary,texts,70,Myrna Oliver,,
literature,Charles Bukowski,The captain is out to lunch and the sailors have taken over the ship,captainisouttolu0000buko,https://archive.org/details/captainisouttolu0000buko,texts,70,"Bukowski, Charles",Santa Rosa : Black Sparrow Press,158
literature,Charles Bukowski,Mocking Bird Wish Me Luck,mockingbirdwishm0000char,https://archive.org/details/mockingbirdwishm0000char,texts,70,Charles Bukowski,,170
literature,Marquis de Sade,"The persecution and assassination of Marat, as performed by the inmates of the Asylum of Charenton under the direction of the Marquis de Sade /Peter Weiss ; English version by Geoffrey Skelton ; verse adaptation by Adrian Mitchell ; introduction by Peter Brook.. --",persecutionassas00weis_0,https://archive.org/details/persecutionassas00weis_0,texts,70,"Weiss, Peter, 1916-1982","London : Marion Boyars, 1978",134
figures,John Wayne Gacy,John Wayne Gacy,JohnWayneGacy,https://archive.org/details/JohnWayneGacy,texts,70,Federal Bureau of Investigation,,
figures,John Wayne Gacy,A Question Of Doubt By John Wayne Gacy,john-wayne-gacy-a-question-of-doubt-the-john-wayne-gacy-story-craig-bowley-consultants-1995,https://archive.org/details/john-wayne-gacy-a-question-of-doubt-the-john-wayne-gacy-story-craig-bowley-consultants-1995,texts,70,,,
figures,John Wayne Gacy,"""Psycho Killers # 8 John Wayne Gacy, The Killer Clown""",psycho-killers-8-john-wayne-gacy-the-killer-clown,https://archive.org/details/psycho-killers-8-john-wayne-gacy-the-killer-clown,texts,70,,,
figures,John Wayne Gacy,John Wayne Gacy Witness List Original,gacy-st.-witness.-list.-04.25.79,https://archive.org/details/gacy-st.-witness.-list.-04.25.79,texts,70,,,
figures,Bob Flanagan,"""Bob Flanagan - Supermasochist"" By Bob Flanagan, Andrea Juno, V. Vale",bob-flanagan-supermasochist-by-bob-flanagan-andrea-juno-v.-vale.org,https://archive.org/details/bob-flanagan-supermasochist-by-bob-flanagan-andrea-juno-v.-vale.org,texts,70,,,
figures,Genesis P-Orridge,Esoterrorist: Selected Essays 1980-1988 / Genesis P-orridge,gpo-esoterrorist,https://archive.org/details/gpo-esoterrorist,texts,70,Genesis P-orridge,,
music_and_sound,Psychic TV,Psychic TV - Discography (1981–1999; 2003–2020),psychic_tv_disco,https://archive.org/details/psychic_tv_disco,audio,90,Genesis P-Orridge & Alex Fergusson,,
music_and_sound,Lou Reed,Lou Reed - Original Album Classics [5 Album Box],08-the-kids_202211,https://archive.org/details/08-the-kids_202211,audio,87,Lunar Monkey,,
music_and_sound,Chopin,Chopin Piano Music Complete Vol. II,lp_chopin-piano-music-complete-vol-ii_mieczyslaw-horszowski-guiomar-novaes,https://archive.org/details/lp_chopin-piano-music-complete-vol-ii_mieczyslaw-horszowski-guiomar-novaes,audio,87,"Mieczyslaw Horszowski, Guiomar Novaes",VOX,8
music_and_sound,Minutemen,minutemen discography,minutemen2,https://archive.org/details/minutemen2,audio,83,,,
music_and_sound,Psychic TV,Psychic Tv - Dreams Less Sweet-1983,01Hymn23,https://archive.org/details/01Hymn23,audio,82,,,
music_and_sound,Brian Jonestown Massacre,The Brian Jonestown Massacre - Diane Perry Tape (full tape),DianePerryTape,https://archive.org/details/DianePerryTape,audio,82,The Brian Jonestown Massacre,,
music_and_sound,Sid Vicious,"Sid Vicious 1978, Max's Kansas, USA",mick-jones-sid-vicious-and-arthur-kane-at-max_s-kansas-city-photographed-by-step,https://archive.org/details/mick-jones-sid-vicious-and-arthur-kane-at-max_s-kansas-city-photographed-by-step,audio,81,,,
music_and_sound,Sid Vicious,Sid Vicious - Sid Sings (1980),sid-vicious-sid-sings-1980_202005,https://archive.org/details/sid-vicious-sid-sings-1980_202005,audio,81,,,
music_and_sound,Psychic TV,DNA Lounge Live: Psychic TV (2004-11-03),DNALOUNGE-2004-11-03,https://archive.org/details/DNALOUNGE-2004-11-03,audio,81,,,
music_and_sound,Brian Jonestown Massacre,The Brian Jonestown Massacre - Demo Tape (861-8683),DemoTape861-8683,https://archive.org/details/DemoTape861-8683,audio,81,The Brian Jonestown Massacre,,
music_and_sound,Crass,Crass Stations Of The Crass (1979),crass-stations-of-the-crass-1979,https://archive.org/details/crass-stations-of-the-crass-1979,audio,80,,,
music_and_sound,Psychic TV,Psychic TV-Those Who Do Not-1984,01.AstruNamingRitualForCaresseI,https://archive.org/details/01.AstruNamingRitualForCaresseI,audio,80,,,
music_and_sound,Brian Jonestown Massacre,Brian Jonestown Massacre - Give It Back!,brian-jonestown-massacre-give-it-back,https://archive.org/details/brian-jonestown-massacre-give-it-back,audio,80,Brian Jonestown Massacre,,
music_and_sound,Brian Jonestown Massacre,"Brian Jonestown Massacre - Bravery, Repetition, and Noise",brian-jonestown-massacre-bravery-repetition-and-noise,https://archive.org/details/brian-jonestown-massacre-bravery-repetition-and-noise,audio,80,Brian Jonestown Massacre,,
music_and_sound,Chopin,Complete Chopin Nocturnes,Complete_Chopin_Nocturnes,https://archive.org/details/Complete_Chopin_Nocturnes,audio,80,S D Rodrian,,
music_and_sound,Psychic TV,Size To Seizure,Vivid_Tribe_Of_Psychics_Size_To_Seizure_Free_Download,https://archive.org/details/Vivid_Tribe_Of_Psychics_Size_To_Seizure_Free_Download,audio,72,Vivid Tribe Of Psychics,,
music_and_sound,Psychic TV,One True Tribal Dance,01OneTrueTribalDance,https://archive.org/details/01OneTrueTribalDance,audio,72,Psychic TV/Aim23,,
music_and_sound,Keith Richards,Unknown Dreams (1989),KRUnknownDreams1989,https://archive.org/details/KRUnknownDreams1989,audio,72,Keith Richards,,
music_and_sound,Psychic TV,"Report From The Final Academy: Cabaret Voltaire, Psychic TV & Last Few Days",ReportFromTheFinalAcademy,https://archive.org/details/ReportFromTheFinalAcademy,audio,71,,,
music_and_sound,Lou Reed,Lou Reed Berlin 1973 20131111,AlbumDeFamilia078,https://archive.org/details/AlbumDeFamilia078,audio,71,Tiago Castro,,
music_and_sound,Lou Reed,Kicks - Lou Reed Live Roxy Theater L. A. 1976,kicksloureedliveroxytheaterl.a.1976,https://archive.org/details/kicksloureedliveroxytheaterl.a.1976,audio,71,Bertus,,
music_and_sound,Lou Reed,Lou Reed Live Roxy Theatre L. A 1976,lou-reed-live-roxy-theatre-l.-a-1976,https://archive.org/details/lou-reed-live-roxy-theatre-l.-a-1976,audio,71,BERTUS,,
music_and_sound,Lou Reed,Lou Reed - Smart Too Late: The Music Of A Young Lou Reed,Lou-Reed_Smart-Too-Late-The-Music-Of-A-Young-Lou-Reed,https://archive.org/details/Lou-Reed_Smart-Too-Late-The-Music-Of-A-Young-Lou-Reed,audio,71,,,
music_and_sound,Lou Reed,lou reed,lou_reed-2,https://archive.org/details/lou_reed-2,audio,71,lou reed,,
music_and_sound,Crass,Crass & Flux Etc Demos Etc,full_20230107,https://archive.org/details/full_20230107,audio,70,,,
music_and_sound,Crass,Crass & Poison Girls Live 1982 / BBP 0003,full_20230107_202301,https://archive.org/details/full_20230107_202301,audio,70,,,
music_and_sound,Crass,"Díscola 95 CRASS, No Hay Más Autoridad Que Tú Mismo",discola-95-crass-no-hay-mas-autoridad-que-tu-mismo,https://archive.org/details/discola-95-crass-no-hay-mas-autoridad-que-tu-mismo,audio,70,Díscola,,
music_and_sound,Minutemen,Double Nickels on the Dime,1984-minutemen-double-nickels-on-the-dime,https://archive.org/details/1984-minutemen-double-nickels-on-the-dime,audio,70,Minutemen,,
music_and_sound,Johnny Thunders,Johnny Thunders - Apocalypse Toronto - July 1 1989,johnny-thunders-jul-1989-apocalypse-toronto,https://archive.org/details/johnny-thunders-jul-1989-apocalypse-toronto,audio,70,Johnny Thunders,,
music_and_sound,Johnny Thunders,Johnny Thunders Apocalypse Toronto Fri July 6 1990,johnny-thunders-apocalypse-toronto-fri-july-6-1990,https://archive.org/details/johnny-thunders-apocalypse-toronto-fri-july-6-1990,audio,70,Johnny Thunders,,
music_and_sound,Johnny Thunders,Johnny Thunders Apocalypse Toronto Sat July 7 1990,johnny-thunders-apocalypse-toronto-sat-july-7-1990,https://archive.org/details/johnny-thunders-apocalypse-toronto-sat-july-7-1990,audio,70,Johnny Thunders,,
music_and_sound,Sid Vicious,The Best Of Sid Vicious,06-sid-vicious-i-wanna-be-your-dog,https://archive.org/details/06-sid-vicious-i-wanna-be-your-dog,audio,70,Sid Vicious,,
music_and_sound,Sid Vicious,SID VICIOUS (ENGLAND) - TAKE A CHANCE (JERRY NOLAN),sid-vicious-take-a-chance-jerry-nolan,https://archive.org/details/sid-vicious-take-a-chance-jerry-nolan,audio,70,SID VICIOUS,,
music_and_sound,Psychic TV,This Is Your Parents' Psychic TV,JesseK.ThisIsYourParentsPsychicTV,https://archive.org/details/JesseK.ThisIsYourParentsPsychicTV,audio,70,jessek,,
music_and_sound,Brian Jonestown Massacre,Brian Jonestown Massacre - Methodrone,brianjonestownmassacremethodrone,https://archive.org/details/brianjonestownmassacremethodrone,audio,70,Brian Jonestown Massacre,,
film_and_cinema,Kenneth Anger,Kenneth Anger ☆ Ten Movies ☆ 1947-2007,kenneth-anger-six-movies-1947-1973,https://archive.org/details/kenneth-anger-six-movies-1947-1973,movies,80,Kenneth Anger,,
film_and_cinema,Roman Polanski,Rosemary's Baby,rosemarys-baby_202105,https://archive.org/details/rosemarys-baby_202105,movies,80,Roman Polanski,,
film_and_cinema,Roman Polanski,Filmography: Roman Polanski,roman-polanski-filmography,https://archive.org/details/roman-polanski-filmography,movies,80,Roman Polanski,,
film_and_cinema,Buffalo 66 vincent gallo,Buffalo 66,buffalo-66,https://archive.org/details/buffalo-66,movies,80,Vincent Gallo,,
film_and_cinema,Mulholland Drive david lynch,Mulholland Drive - Original TV pilot,mulholland-drive-tv-pilot,https://archive.org/details/mulholland-drive-tv-pilot,movies,80,David Lynch,,
film_and_cinema,Kenneth Anger,"House Of Strangers [1949] Dir. Joseph L. Mankiewicz, Starring Edward G. Robinson, Richard Conte, Susan Hayward",house-of-strangers-1949_202006,https://archive.org/details/house-of-strangers-1949_202006,movies,76,,,
film_and_cinema,Roman Polanski,"Playboy After Dark - S01E02 - Roman Polanski, Sharon Tate, Della Reese, Don Adams - 1968-07-24",playboy-after-dark-s01e02-1968-07-24,https://archive.org/details/playboy-after-dark-s01e02-1968-07-24,movies,76,Hugh Hefner,,
film_and_cinema,Kenneth Anger,Lucifer Rising (1972),LuciferRising1972720pBluRayX264Flac,https://archive.org/details/LuciferRising1972720pBluRayX264Flac,movies,75,Kenneth Anger,,
film_and_cinema,Benny's Video haneke,Benny's Video - Michael Haneke - 1992 sub Ita-Eng,bennys-video-michael-haneke-1992,https://archive.org/details/bennys-video-michael-haneke-1992,movies,75,Michael Haneke,,
film_and_cinema,Kenneth Anger,Inauguration of the Pleasure Dome - An Alternative Score,AvantopiaMeistsonnigIOTPD,https://archive.org/details/AvantopiaMeistsonnigIOTPD,movies,74,"Kenneth Anger, avantopia, meistsonnig",,
visual_art_and_artists,Alberto Giacometti,Alberto Giacometti : a retrospective exhibition,comett00giac,https://archive.org/details/comett00giac,texts,100,"Giacometti, Alberto, 1901-1966, Solomon R. Guggenheim Museum","New York Praeger, in association with the Solomon R. Guggenheim Museum",214
visual_art_and_artists,Alberto Giacometti,Giacometti; a sketchbook of interpretive drawings,giacomettisketch0000giac,https://archive.org/details/giacomettisketch0000giac,texts,100,"Giacometti, Alberto, 1901-1966","New York, H.N. Abrams",342
figures,Aleister Crowley,Book four,bookfour00crow,https://archive.org/details/bookfour00crow,texts,100,"Crowley, Aleister, 1875-1947, Virakam, Soror",[London : Wieland and Co.,228
visual_art_and_artists,Malevich,Kazimir Malevich : suprematism,kazimir00male,https://archive.org/details/kazimir00male,texts,100,"Malevich, Kazimir Severinovich, 1878-1935, Drutt, Matthew, Deutsche Guggenheim Berlin, Solomon R. Guggenheim Museum, Menil Collection (Houston, Tex.)","New York, N.Y. : Guggenheim Museum ; Distributed by Harry N. Abrams",282
visual_art_and_artists,Alberto Giacometti,"Alberto Giacometti : myth, magic, and the man",albertogiacomett0000wils,https://archive.org/details/albertogiacomett0000wils,texts,95,"Wilson, Laurie",New Haven : Yale University Press,394
visual_art_and_artists,Diego Giacometti,Diego Giacometti,diegogiacometti0000marc,https://archive.org/details/diegogiacometti0000marc,texts,95,"Marchesseau, Daniel",New York : H.N. Abrams ; Paris : Hermann,230
visual_art_and_artists,Joseph Beuys,Joseph Beuys : the reader,josephbeuysreade0000unse,https://archive.org/details/josephbeuysreade0000unse,texts,95,,"Cambridge, MA : MIT Press",358
visual_art_and_artists,Marcel Duchamp,The complete works of Marcel Duchamp,completeworksofm0000schw,https://archive.org/details/completeworksofm0000schw,texts,95,"Schwarz, Arturo, 1924-","New York, H. N. Abrams",680
visual_art_and_artists,Mike Kelley,Mike Kelley : catholic tastes,mikekelleycathol0000suss,https://archive.org/details/mikekelleycathol0000suss,texts,95,"Sussman, Elisabeth, 1939-",New York : Whitney Museum of American Art : Distributed by H.N. Abrams,262
visual_art_and_artists,Tapies,TAPIES,isbn_0847802582,https://archive.org/details/isbn_0847802582,texts,95,Roland Penrose,"Rizzoli International Publications, Inc.",286
film_and_cinema,Dennis Hopper,The New York genealogical and biographical record,newyorkgenealogi1898gree,https://archive.org/details/newyorkgenealogi1898gree,texts,95,"Greene, Richard Henry, 1839-1926, Stiles, Henry Reed, 1832-1909, Dwight, Melatiah Everett, Morrison, George Austin, 1864-1916, Mott, Hopper Striker, 1854-1924, Totten, John Reynolds, 1856-1936, Pitman, H. Minot (Harold Minot), 1888-, Ditmas, Charles Andrew, 1887-1938, De Forest, Louis Effingham, 1891-, Mann, Conklin, Maynard, Arthur S, New York Genealogical and Biographical Society","New York, New York Genealogical and Biographical Society",618
visual_art_and_artists,John Heartfield,John Heartfield,johnheartfield0000hear,https://archive.org/details/johnheartfield0000hear,texts,95,"Heartfield, John, 1891-1968",New York : H.N. Abrams,350
visual_art_and_artists,Malevich,"Paths to the absolute : Mondrian, Malevich, Kandinsky, Pollock, Newman, Rothko, and Still",isbn_9780691048963,https://archive.org/details/isbn_9780691048963,texts,95,"Golding, John","Princeton, NJ : Princeton University Press",250
visual_art_and_artists,Malevich,Kazimir Malevich and the art of geometry,kazimirmalevicha0000miln,https://archive.org/details/kazimirmalevicha0000miln,texts,95,"Milner, John, 1946-",New Haven : Yale University Press,258
visual_art_and_artists,George Petros,American hardcore : a tribal history,americanhardcore00blus,https://archive.org/details/americanhardcore00blus,texts,92,"Blush, Steven, Petros, George. edt","Los Angeles, CA : Feral House : Distributed by Publishers Group West",342
film_and_cinema,Dennis Hopper,Easy rider : original screenplay,easyriderorigina00fond,https://archive.org/details/easyriderorigina00fond,texts,91,"Fonda, Peter, Hopper, Dennis, Southern, Terry",New York : New American Library,200
visual_art_and_artists,Joseph Beuys,"Joseph Beuys, multiples : catalogue raisonné multiples and prints, 1965-80",josephbeuysmulti0000beuy,https://archive.org/details/josephbeuysmulti0000beuy,texts,90,"Beuys, Joseph",[New York] : New York University Press,334
visual_art_and_artists,Mike Kelley,Mike Kelley,mikekelley0000unse,https://archive.org/details/mikekelley0000unse,texts,90,,Amsterdam : Stedelijk Museum ; Munich ; New York : Delmonico Books/Prestel,410
film_and_cinema,Dennis Hopper,Dennis Hopper : the wild ride of a Hollywood rebel,isbn_9781569804490,https://archive.org/details/isbn_9781569804490,texts,90,"Winkler, Peter L","Fort Lee, N.J. : Barricade Books Inc.",418
visual_art_and_artists,Le Corbusier,Le Corbusier,Le_Corbusier,https://archive.org/details/Le_Corbusier,texts,87,Mohamed Hammad,الدار القومية للطباعة والنشر,233
visual_art_and_artists,Philip Guston,Philip Guston,philipguston00gust,https://archive.org/details/philipguston00gust,texts,87,"Guston, Philip; Arnason, H. H.",New York : Solomon R. Guggenheim Museum,134
visual_art_and_artists,Le Corbusier,Modulor I and II,moduloriii00leco,https://archive.org/details/moduloriii00leco,texts,86,"Le Corbusier, 1887-1965, Le Corbusier, 1887-1965. Modulor 2. English. 1980","Cambridge, Mass. : Harvard University Press",586
visual_art_and_artists,Joseph Beuys,The secret block for a secret person in Ireland,secretblockforse0000jose,https://archive.org/details/secretblockforse0000jose,texts,85,Joseph Beuys,Museum of Modern Art Oxford,166
visual_art_and_artists,Marcel Duchamp,"Marcel Duchamp, 1887-1968 : art as anti-art",marcelduchamp1880000mink,https://archive.org/details/marcelduchamp1880000mink,texts,85,"Mink, Janis",Koln : Taschen,102
visual_art_and_artists,Medardo Rosso,Medardo Rosso,medardorossoseco00coop,https://archive.org/details/medardorossoseco00coop,texts,85,Harry Cooper,Yale University Press,186
film_and_cinema,David Lynch,Catching the Big Fish,catchingbigfishm00lync,https://archive.org/details/catchingbigfishm00lync,texts,83,David Lynch,Tarcher,202
literature,Cookie Mueller,Ask Dr. Mueller : the writings of Cookie Mueller,askdrmuellerwrit00muel,https://archive.org/details/askdrmuellerwrit00muel,texts,82,"Mueller, Cookie, Scholder, Amy",New York : High Risk Books,314
visual_art_and_artists,Le Corbusier,"Le Corbusier, architect, painter, writer;",lecorbusierarchi0000leco,https://archive.org/details/lecorbusierarchi0000leco,texts,81,"Le Corbusier, 1887-1965","New York, Macmillan Co.",162
visual_art_and_artists,Joseph Beuys,Joseph Beuys,josephbeuys0000tisd,https://archive.org/details/josephbeuys0000tisd,texts,81,"Tisdall, Caroline",New York : Solomon R. Guggenheim Museum,294
visual_art_and_artists,Alberto Giacometti,"Alberto Giacometti : sculpture, paintings, drawings",albertogiacomett0000giac_q9g5,https://archive.org/details/albertogiacomett0000giac_q9g5,texts,80,"Giacometti, Alberto, 1901-1966","Munich ; New York, NY : Prestel ; New York, NY, USA : Distributed in the USA and Canada by te Neues Pub. Co.",232
visual_art_and_artists,Alberto Giacometti,"Giacometti, a biography",giacomettibiogra00lord,https://archive.org/details/giacomettibiogra00lord,texts,80,"Lord, James","New York : Farrar, Straus, Giroux",636
visual_art_and_artists,Alberto Giacometti,"Alberto Giacometti, 1901-1966",albertogiacomett0000flet,https://archive.org/details/albertogiacomett0000flet,texts,80,"Fletcher, Valerie J","Washington, D.C. : Published for the Hirshhorn Museum and Sculpture Garden by the Smithsonian Institution Press",262
visual_art_and_artists,Alberto Giacometti,The studio of Alberto Giacometti : collection of the Fondation Alberto et Annette Giacometti,studioofalbertog0000giac,https://archive.org/details/studioofalbertog0000giac,texts,80,"Giacometti, Alberto, 1901-1966",Paris : Centre Pompidou ; Fondation Alberto et Annette Giacometti,430
visual_art_and_artists,Outsider Art,Raw vision outsider art sourcebook,rawvisionoutside0000unse,https://archive.org/details/rawvisionoutside0000unse,texts,80,,"Radlett, Herts : Raw Vision",236
visual_art_and_artists,Le Corbusier,Towards A New Architecture Corbusier Le,TowardsANewArchitectureCorbusierLe,https://archive.org/details/TowardsANewArchitectureCorbusierLe,texts,80,,,
visual_art_and_artists,Le Corbusier,Le Corbusier - Complete Works,le-corbusier-volume-06-1952-1957,https://archive.org/details/le-corbusier-volume-06-1952-1957,texts,80,"Willy Boesiger, O. Stonrov, Max Bill,",,
visual_art_and_artists,Jean Prouvé,Jean Prouve Complete Works- Volume 1: 1917-1933,jeanprouvecomple0001pete,https://archive.org/details/jeanprouvecomple0001pete,texts,80,Peter Sulzer,Birkhäuser Basel,250
visual_art_and_artists,Pierre Chareau,"Pierre Chareau : architecte, un art intérieur",pierrechareauarc0000char,https://archive.org/details/pierrechareauarc0000char,texts,80,"Chareau, Pierre, 1883-1950",Paris : Centre Georges Pompidou,234
visual_art_and_artists,Joseph Beuys,Occultism in avant-garde art : the case of Joseph Beuys,occultisminavant0000moff,https://archive.org/details/occultisminavant0000moff,texts,80,"Moffitt, John F. (John Francis), 1940-","Ann Arbor, Mich. : UMI Out-of-Print Books on Demand",250
visual_art_and_artists,Joseph Beuys,Joseph Beuys : the art of cooking : la cucina di Beuys,josephbeuysartof00dedo,https://archive.org/details/josephbeuysartof00dedo,texts,80,"De Domizio Durini, Lucrezia",Milano : Charta,214
visual_art_and_artists,Joseph Beuys,"The felt hat : Joseph Beuys, a life told",felthatjosephbeu0000dedo,https://archive.org/details/felthatjosephbeu0000dedo,texts,80,"De Domizio Durini, Lucrezia",Roma : Carte Segrete,274
visual_art_and_artists,Joseph Beuys,Joseph Beuys : diverging critiques,josephbeuysdiver0000unse,https://archive.org/details/josephbeuysdiver0000unse,texts,80,,Liverpool : Liverpool University Press and Tate Gallery Liverpool,230
visual_art_and_artists,Joseph Beuys,"Joseph Beuys : Natur, Materie, Form",josephbeuysnatur0000beuy,https://archive.org/details/josephbeuysnatur0000beuy,texts,80,"Beuys, Joseph",München : Schirmer/Mosel,370
visual_art_and_artists,Marcel Duchamp,Marcel Duchamp,marcelduchamp0000duch,https://archive.org/details/marcelduchamp0000duch,texts,80,"Duchamp, Marcel, 1887-1968",Ostfildern-Ruit : Hatje Cantz,242
visual_art_and_artists,Mike Kelley,The Uncanny Mike Kelley,mikekelly_201703,https://archive.org/details/mikekelly_201703,texts,80,,,
visual_art_and_artists,Mike Kelley,Artist file : Mike Kelley : miscellaneous uncataloged material,artistfilekelleymike,https://archive.org/details/artistfilekelleymike,texts,80,"Kelley, Mike, 1954-2012",,86
figures,Aleister Crowley,Collected PDF's by Aleister Crowley,CollectedPdfsByAleisterCrowley,https://archive.org/details/CollectedPdfsByAleisterCrowley,texts,80,Aleister Crowley,,
figures,Aleister Crowley,The Book Of The Law,CrowleyTheBookOfTheLaw,https://archive.org/details/CrowleyTheBookOfTheLaw,texts,80,Aleister Crowley,,
figures,Aleister Crowley,ulc Aleister Crowley The Book Of Thoth,AleisterCrowleyTheBookOfThoth,https://archive.org/details/AleisterCrowleyTheBookOfThoth,texts,80,,,
figures,Aleister Crowley,"The Qabalah of Aleister Crowley : Three Texts (Including Gematria, Liber 777 & Sepher Sephiroth)",theqabalahofaleistercrowleythreetexts,https://archive.org/details/theqabalahofaleistercrowleythreetexts,texts,80,Aleister Crowley,,
figures,Aleister Crowley,Aleister Crowley O Livro De Thoth,aleister-crowley-o-livro-de-thoth,https://archive.org/details/aleister-crowley-o-livro-de-thoth,texts,80,aleister crowley,,
visual_art_and_artists,Romain Slocombe,L'océan de la stérilité,loceandelasteril0000sloc,https://archive.org/details/loceandelasteril0000sloc,texts,80,"Slocombe, Romain",Paris : Fayard,560
visual_art_and_artists,Romain Slocombe,L'infante du rock,linfantedurock0000sloc,https://archive.org/details/linfantedurock0000sloc,texts,80,"Slocombe, Romain",Paris : Parigramme,282
visual_art_and_artists,Philip Guston,Night studio : a memoir of Philip Guston,nightstudiomemoi0000maye,https://archive.org/details/nightstudiomemoi0000maye,texts,80,"Mayer, Musa",New York : Knopf ; Distributed by Random House,330
visual_art_and_artists,Philip Guston,"Philip Guston : collected writings, lectures, and conversations",philipgustoncoll0000gust,https://archive.org/details/philipgustoncoll0000gust,texts,80,"Guston, Philip, 1913-1980",Berkeley : University of California Press,350
visual_art_and_artists,Raymond Pettibon,Artist file : Raymond Pettibon : miscellaneous uncataloged material,artistfilepettibonraymond,https://archive.org/details/artistfilepettibonraymond,texts,80,"Pettibon, Raymond, 1957-",,52
film_and_cinema,Dennis Hopper,"Dennis Hopper, a madness to his method",dennishoppermadn00rodr,https://archive.org/details/dennishoppermadn00rodr,texts,80,Elena Rodriguez,St. Martin's Press,226
visual_art_and_artists,John Heartfield,Art in the age of mass media,artinageofmassme0000walk_x4g6,https://archive.org/details/artinageofmassme0000walk_x4g6,texts,80,"Walker, John Albert, 1938-","London, England ; Sterling, Va. : Pluto Press",230
visual_art_and_artists,John Heartfield,Heartfield contre Hitler,heartfieldcontre0000will,https://archive.org/details/heartfieldcontre0000will,texts,80,"Willett, John",Paris : Hazan,206
visual_art_and_artists,John Heartfield,An unpatriotic history of the Second World War,unpatriotichisto0000hear,https://archive.org/details/unpatriotichisto0000hear,texts,80,"Heartfield, James","Winchester, UK ; Washington, D.C. : Zero Books, John Hunt Pub.",576
publications,Unsound Magazine,Unsound,unsound-zine,https://archive.org/details/unsound-zine,texts,79,,,
figures,Aleister Crowley,Aleister Crowley BOOK Collection,aleister-crowley-100-books-collection,https://archive.org/details/aleister-crowley-100-books-collection,texts,78,Aleister Crowley,,
figures,Aleister Crowley,Moonchild,moonchildaleistercrowley,https://archive.org/details/moonchildaleistercrowley,texts,78,Aleister Crowley,,
publications,Rapid Eye,Rapid Eye 01,RapidEye01,https://archive.org/details/RapidEye01,texts,77,Rapid Eye,,
visual_art_and_artists,Le Corbusier,AN ANALAYSIS OF FORM,le-corbusier-an-analaysis-of-form-036,https://archive.org/details/le-corbusier-an-analaysis-of-form-036,texts,75,LE CORBUSIER,,
publications,Rapid Eye,Rapid Eye 02,RapidEye2,https://archive.org/details/RapidEye2,texts,75,Rapid Eye,,
visual_art_and_artists,Raymond Pettibon,Weirdo (complete),weirdo-28-summer-1993-pyramid,https://archive.org/details/weirdo-28-summer-1993-pyramid,texts,74,"Doug Allen, Robert Armstrong, Ace Backwords, Peter Bagge, Edmond Baudoin, Florence Cestac, Daniel Clowes, David Collier, Maxon Crumb, Robert Crumb, Sophie Crumb, Lloyd Dangle, Kim Deitch, Julie Doucet, Debbie Drechsler, Dennis Eichhorn, Mary Fleener, Josh Alan Friedman, Drew Friedman, Phoebe Gloeckner, Justin Green, Bill Griffith, Rory Hayes, Gilbert Hernandez, John Holmstrom, Kaz, J. D. King, Aline Kominsky-Crumb, John Kricfalusi, Krystine Kryttre, Carol Lay, Joe Matt, Jean-Christophe Menu, Mark Newgarden, Diane Noomin, Gary Panter, Harvey Pekar, Raymond Pettibon, Placid, Sasa Rakezic, Harry S. Robins, Spain Rodriguez, Ed ""Big Daddy"" Roth, Savage Pencil, Joe Sacco, Dori Seda, Stanislav Szukalski, Frank Stack, Carol Tyler, Willem, J. R. Williams, Robert Williams, S. Clay Wilson, Dennis Worden, Terry Zwigoff",,
visual_art_and_artists,Raymond Pettibon,Express Sex Train,RaymondPettibonExpressSexTrain,https://archive.org/details/RaymondPettibonExpressSexTrain,texts,74,Raymond Pettibon,,
visual_art_and_artists,Raymond Pettibon,Captive Chains,raymond-pettibon-captive-chains-1978,https://archive.org/details/raymond-pettibon-captive-chains-1978,texts,73,Raymond Pettibon,,
visual_art_and_artists,Le Corbusier,Urbanisme Le Corbusier,urbanisme-le-corbusier,https://archive.org/details/urbanisme-le-corbusier,texts,71,,,
visual_art_and_artists,Romain Slocombe,Sexy Stories From The World Religions,sexy-stories-from-the-world-religions-1,https://archive.org/details/sexy-stories-from-the-world-religions-1,texts,71,"Mario Hernandez, Mike Matthews, Lydia Lunch, Dori Seda, Aline Kominsky, Joe Sacco, Nazario, Pat'allo, Hiromi Hiraguchi, Romain Slocombe, Krystine Kryttre, Michael Furey, Steve Lafler, Mary Fleener",,
literature,Cookie Mueller,Walking through clear water in a pool painted black,walkingthroughcl0000muel,https://archive.org/details/walkingthroughcl0000muel,texts,71,"Mueller, Cookie",New York : Semiotext(e),166
visual_art_and_artists,Raymond Pettibon,Polaroids,RaymondPettibonPolaroids,https://archive.org/details/RaymondPettibonPolaroids,texts,71,Raymond Pettibon,,
visual_art_and_artists,Alberto Giacometti,Alberto Giacometti,albertogiacomett00gaff,https://archive.org/details/albertogiacomett00gaff,texts,70,"Gaff, Jackie, Giacometti, Alberto, 1901-1966",New York : Franklin Watts,52
publications,Unsound Magazine,Unsound Vol 3 No 1 1986 Cover Joseph Nechvatal,unsound-vol-3-no-1-1986,https://archive.org/details/unsound-vol-3-no-1-1986,texts,70,Unsound Magazine,,
visual_art_and_artists,Neoism,SMILE Issue 7 Neoism; Dance The Monty Cantsin,smile-issue-7-neoism-dance-the-monty-cantsin,https://archive.org/details/smile-issue-7-neoism-dance-the-monty-cantsin,texts,70,"Monty Cantsin, Stewart Home",,
visual_art_and_artists,Neoism,SMILE PLAGIARISM NEOISM,smile-plagiarism-neoism,https://archive.org/details/smile-plagiarism-neoism,texts,70,"Monty Cantsin, Mark Pawson, Stewart Home, Ben Allen, Pete Horobin",,
visual_art_and_artists,Outsider Art,Outsider art,outsiderart0000card,https://archive.org/details/outsiderart0000card,texts,70,"Cardinal, Roger","New York, Praeger Publishers",198
visual_art_and_artists,Marcel Duchamp,"Marcel Duchamp, Fountain",marcelduchampfou0000camf,https://archive.org/details/marcelduchampfou0000camf,texts,70,"Camfield, William A","Houston, TX : Houston Fine Art Press",190
visual_art_and_artists,Romain Slocombe,Monsieur le Commandant,monsieurlecomman0000sloc,https://archive.org/details/monsieurlecomman0000sloc,texts,70,"Slocombe, Romain, author",London : Gallic Books,198
visual_art_and_artists,Romain Slocombe,L'Iliade,liliade0000jean,https://archive.org/details/liliade0000jean,texts,70,"Jean Martin, Όμηρος, Romain Slocombe",Nathan Jeunesse,170
visual_art_and_artists,Philip Guston,Philip Guston's poem-pictures,philipgustonspoe0000balk_b5h2,https://archive.org/details/philipgustonspoe0000balk_b5h2,texts,70,"Balken, Debra Bricker","Andover, Mass. : Addison Gallery of American Art ; Seattle : University of Washington Press",98
visual_art_and_artists,Medardo Rosso,Medardo Rosso: Impressions in Wax & Bronze: 1882-1906,medardorossoimpr0000luci,https://archive.org/details/medardorossoimpr0000luci,texts,70,Luciano Carmel,Kent Fine Arts,142
visual_art_and_artists,Tapies,Tapies Chillida. Galería Guillermo De Osma,tapies-chillida.-galeria-guillermo-de-osma,https://archive.org/details/tapies-chillida.-galeria-guillermo-de-osma,texts,70,Galería Guillermo de Osma.,,
visual_art_and_artists,Raymond Pettibon,Pettibon With Strings,RaymondPettibonPettibonWithStrings,https://archive.org/details/RaymondPettibonPettibonWithStrings,texts,70,Raymond Pettibon,,
visual_art_and_artists,Raymond Pettibon,New Wave Of Violence,RaymondPettibonNewWaveOfViolence,https://archive.org/details/RaymondPettibonNewWaveOfViolence,texts,70,Raymond Pettibon,,
visual_art_and_artists,Raymond Pettibon,Tripping Corpse #4,RaymondPettibonTrippingCorpse04,https://archive.org/details/RaymondPettibonTrippingCorpse04,texts,70,Raymond Pettibon,,
visual_art_and_artists,Raymond Pettibon,Tripping Corpse #12,RaymondPettibonTrippingCorpse12,https://archive.org/details/RaymondPettibonTrippingCorpse12,texts,70,Raymond Pettibon,,
visual_art_and_artists,Raymond Pettibon,Capricious Missives,RaymondPettibonCapriciousMissives,https://archive.org/details/RaymondPettibonCapriciousMissives,texts,70,Raymond Pettibon,,
visual_art_and_artists,Raymond Pettibon,Pleasure Giving Arts,RaymondPettibonPleasureGivingArts,https://archive.org/details/RaymondPettibonPleasureGivingArts,texts,70,Raymond Pettibon,,
visual_art_and_artists,Raymond Pettibon,Virgin Fears,RaymondPettibonVirginFears,https://archive.org/details/RaymondPettibonVirginFears,texts,70,Raymond Pettibon,,
visual_art_and_artists,Raymond Pettibon,"Console, Heal Or Depict",RaymondPettibonConsoleHealOrDepict,https://archive.org/details/RaymondPettibonConsoleHealOrDepict,texts,70,Raymond Pettibon,,
visual_art_and_artists,Raymond Pettibon,Exterminating The Eagles,RaymondPettibonExterminatingTheEagles,https://archive.org/details/RaymondPettibonExterminatingTheEagles,texts,70,Raymond Pettibon,,
visual_art_and_artists,Raymond Pettibon,Lana,RaymondPettibonLana,https://archive.org/details/RaymondPettibonLana,texts,70,Raymond Pettibon,,
visual_art_and_artists,Raymond Pettibon,Tripping Corpse #11,RaymondPettibonTrippingCorpse11,https://archive.org/details/RaymondPettibonTrippingCorpse11,texts,70,Raymond Pettibon,,
visual_art_and_artists,Raymond Pettibon,Observable World,RaymondPettibonObservableWorld,https://archive.org/details/RaymondPettibonObservableWorld,texts,70,Raymond Pettibon,,
visual_art_and_artists,Raymond Pettibon,Those Of A Lower Clay,RaymondPettibonThoseOfALowerClay,https://archive.org/details/RaymondPettibonThoseOfALowerClay,texts,70,Raymond Pettibon,,
visual_art_and_artists,Raymond Pettibon,New Wavy Gravy #2,RaymondPettibonNewWavyGravy2,https://archive.org/details/RaymondPettibonNewWavyGravy2,texts,70,Raymond Pettibon,,
visual_art_and_artists,Raymond Pettibon,Voices For The Self,RaymondPettibonVoicesForTheSelf,https://archive.org/details/RaymondPettibonVoicesForTheSelf,texts,70,Raymond Pettibon,,
visual_art_and_artists,Raymond Pettibon,Bottomless Pond,RaymondPettibonBottomlessPond,https://archive.org/details/RaymondPettibonBottomlessPond,texts,70,Raymond Pettibon,,
visual_art_and_artists,Raymond Pettibon,Misadventures,RaymondPettibonMisadventures,https://archive.org/details/RaymondPettibonMisadventures,texts,70,Raymond Pettibon,,
visual_art_and_artists,Raymond Pettibon,Take Another Rib,RaymondPettibonTakeAnotherRib,https://archive.org/details/RaymondPettibonTakeAnotherRib,texts,70,Raymond Pettibon,,
visual_art_and_artists,Raymond Pettibon,Origin Issue,RaymondPettibonOriginIssue,https://archive.org/details/RaymondPettibonOriginIssue,texts,70,Raymond Pettibon,,
visual_art_and_artists,Raymond Pettibon,"Thin, Thin Cross",RaymondPettibonThinThinCross,https://archive.org/details/RaymondPettibonThinThinCross,texts,70,Raymond Pettibon,,
visual_art_and_artists,Raymond Pettibon,Liz,RaymondPettibonLiz,https://archive.org/details/RaymondPettibonLiz,texts,70,Raymond Pettibon,,
visual_art_and_artists,Raymond Pettibon,Poetic Use Of Blood,RaymondPettibonPoeticUseOfBlood,https://archive.org/details/RaymondPettibonPoeticUseOfBlood,texts,70,Raymond Pettibon,,
visual_art_and_artists,Raymond Pettibon,Watching Onan,RaymondPettibonWatchingOnan,https://archive.org/details/RaymondPettibonWatchingOnan,texts,70,Raymond Pettibon,,
visual_art_and_artists,Raymond Pettibon,I Will Sign Anything,RaymondPettibonIWillSignAnything,https://archive.org/details/RaymondPettibonIWillSignAnything,texts,70,Raymond Pettibon,,
visual_art_and_artists,Raymond Pettibon,Heart Of Times Square,RaymondPettibonHeartOfTimesSquare,https://archive.org/details/RaymondPettibonHeartOfTimesSquare,texts,70,Raymond Pettibon,,
visual_art_and_artists,Raymond Pettibon,Mr. Heart's Headlines,RaymondPettibonMr.HeartsHeadlines,https://archive.org/details/RaymondPettibonMr.HeartsHeadlines,texts,70,Raymond Pettibon,,
visual_art_and_artists,Raymond Pettibon,One Foot In The Mouth,RaymondPettibonOneFootInTheMouth,https://archive.org/details/RaymondPettibonOneFootInTheMouth,texts,70,Raymond Pettibon,,
visual_art_and_artists,Raymond Pettibon,Father Serra Perfect,RaymondPettibonFatherSerraPerfect,https://archive.org/details/RaymondPettibonFatherSerraPerfect,texts,70,Raymond Pettibon,,
film_and_cinema,Roman Polanski,The cinema of Roman Polanski : dark spaces of the world,cinemaofromanpol0000unse,https://archive.org/details/cinemaofromanpol0000unse,texts,70,,London : Wallflower,198
visual_art_and_artists,Otto Muehl,Sortir du bourbier,sortirdubourbier0000mueh,https://archive.org/details/sortirdubourbier0000mueh,texts,70,"Muehl, Otto. 1925-",[s.l.] : Les PResses du Reel,182
visual_art_and_artists,John Heartfield,"John Heartfield and the Agitated Image: Photography, Persuasion, and the Rise of Avant-Garde Photomontage",john-heartfield-and-the-agitate-andres-mario-zervigon,https://archive.org/details/john-heartfield-and-the-agitate-andres-mario-zervigon,texts,70,,,
visual_art_and_artists,John Heartfield,Photomontages of the Nazi period,photomontagesofn0000hear,https://archive.org/details/photomontagesofn0000hear,texts,70,"Heartfield, John, 1891-1968",New York : Universe Books,150
visual_art_and_artists,John Heartfield,Искусство политического фотомонтажа: cоветы художнику,iskustvo_politicheskogo_photomontazha,https://archive.org/details/iskustvo_politicheskogo_photomontazha,texts,70,"Житомирский, Александр Арнольдович, 1907-1993, Heartfield, John, 1891-1968",,
visual_art_and_artists,John Heartfield,Der Dada No. 2 (1919),der-dada-no.-2,https://archive.org/details/der-dada-no.-2,texts,70,"Raoul Hausmann, John Heartfield, George Grosz",,
visual_art_and_artists,John Heartfield,John Heartfield : art and mass media,johnheartfieldar0000kahn,https://archive.org/details/johnheartfieldar0000kahn,texts,70,"Kahn, Douglas, 1951-",New York : Tanam Press,168
visual_art_and_artists,John Heartfield,Der Dada No. 1 (1919),raoul-hausmann-der-dada-no.-1,https://archive.org/details/raoul-hausmann-der-dada-no.-1,texts,70,"Raoul Hausmann, John Heartfield, George Grosz",,
visual_art_and_artists,John Heartfield,Der Dada No. 3 (1920),raoul-hausmann-der-dada-1919-1920-no.-3,https://archive.org/details/raoul-hausmann-der-dada-1919-1920-no.-3,texts,70,"Raoul Hausmann, John Heartfield, George Grosz",,
visual_art_and_artists,John Heartfield,John Heartfield (2 Artbooks),john-heartfield-art-and-mass-media-kahn-douglas-195,https://archive.org/details/john-heartfield-art-and-mass-media-kahn-douglas-195,texts,70,Cypob77,,
figures,Surréalisme,Histoire du surréalisme,histoiredusurrea00nade,https://archive.org/details/histoiredusurrea00nade,texts,70,"Nadeau, Maurice",Paris : Éditions du Seuil,198
figures,Surréalisme,Variétés. Revue mensuelle illustree de l'esprit contemporain. Le Surréalisme en 1929,varietes-1929,https://archive.org/details/varietes-1929,texts,70,"van Hecke, P.-G.",,
music_and_sound,Leonard Cohen,Leonard Cohen - You Want It Darker (2016),LeonardCohen-YouWantItDarker2016,https://archive.org/details/LeonardCohen-YouWantItDarker2016,audio,90,,,
music_and_sound,Serge Gainsbourg,Je t'aime... moi non plus,JeTaime...MoiNonPlus,https://archive.org/details/JeTaime...MoiNonPlus,audio,90,Jane Birkin et Serge Gainsbourg,,
music_and_sound,Serge Gainsbourg,"Jane Birkin & Serge Gainsbourg-- ""Je T'aime, Moi Nonplus"" (1969)",JaneBirkinSergeGainsbourgJeTaimeMoiNonPlusenhanced,https://archive.org/details/JaneBirkinSergeGainsbourgJeTaimeMoiNonPlusenhanced,audio,90,,,
music_and_sound,Leonard Cohen,leonard cohen,LeonardCohen,https://archive.org/details/LeonardCohen,audio,85,leonard cohen,,
music_and_sound,Serge Gainsbourg,Serge Gainsbourg 1,polka-serge-gainsbourg-1,https://archive.org/details/polka-serge-gainsbourg-1,audio,83,,,
music_and_sound,Serge Gainsbourg,SERGE GAINSBOURG - Evguenie Sokolov Incipit,SergeGainsbourg-EvguenieSokolov,https://archive.org/details/SergeGainsbourg-EvguenieSokolov,audio,82,www.incipitblog.com,,
music_and_sound,Serge Gainsbourg,Serge Gainsbourg - Histoire De Melody Nelson Par Jean-Christophe Averty (1971).avi,polka-Serge-gainsbourg-histoire-de-melody,https://archive.org/details/polka-Serge-gainsbourg-histoire-de-melody,audio,81,,,
music_and_sound,Serge Gainsbourg,Serge Gainsbourg - Love On The Beat (1984) [FLAC] (2001 reissue),polka-Serge-gainsbourg-love-on-the-beat,https://archive.org/details/polka-Serge-gainsbourg-love-on-the-beat,audio,81,,,
music_and_sound,Serge Gainsbourg,Serge Gainsbourg - Ces petits riens,SergeGainsbourg-CesPetitsRiens,https://archive.org/details/SergeGainsbourg-CesPetitsRiens,audio,81,,,
music_and_sound,Serge Gainsbourg,A Serge of High Wattage Stax-Volt,staxvolt,https://archive.org/details/staxvolt,audio,71,Radio FREE Crockett,,
film_and_cinema,Vincent Gallo,The Brown Bunny,the-brown-bunny,https://archive.org/details/the-brown-bunny,movies,80,Vincent Gallo,,
film_and_cinema,Larry Clark,Ken Park,kenpark,https://archive.org/details/kenpark,movies,80,Larry Clark,,
film_and_cinema,David Lynch,Blue Velvet (1986) 藍色夜合花 港版VCD,blue-velvet-a,https://archive.org/details/blue-velvet-a,movies,80,David Lynch,,
